{"PCA": 2.7618825435638428, "ICA": 1.76591157913208, "_runtime": 481, "_timestamp": 1617473413, "_step": 5, "epoch": 4, "metric": {}, "loss": {"recon_loss": 0.03683905601501465, "kl_loss": 0.003589277466138204, "kl_loss_0": 3.851287571402888e-06, "kl_loss_1": 3.850298364543253e-06, "kl_loss_2": 4.166732994943029e-06, "kl_loss_3": 3.364494316176408e-06, "kl_loss_4": 0.0005523149751954609, "kl_loss_5": 3.6461796197626327e-06, "kl_loss_6": 0.0007423604528109233, "kl_loss_7": 0.000754825688070721, "kl_loss_8": 0.0007986212770144145, "kl_loss_9": 0.0007222760882642534, "loss": 0.05119616720411513}}