{"PCA": 3.0018837451934814, "ICA": 11.510334968566895, "_runtime": 855, "_timestamp": 1617365136, "_step": 11, "epoch": 9, "metric": {}, "loss": {"recon_loss": 0.032248457272847496, "kl_loss": 0.0035297758049435087, "kl_loss_0": 2.652815116258959e-06, "kl_loss_1": 2.6584143698629404e-06, "kl_loss_2": 2.7373617437357706e-06, "kl_loss_3": 2.6718153902846904e-06, "kl_loss_4": 0.0005566617680920495, "kl_loss_5": 2.7980150965352853e-06, "kl_loss_6": 0.0006863355222675536, "kl_loss_7": 0.0007585643894142574, "kl_loss_8": 0.0007576975557539198, "kl_loss_9": 0.0007569981945885553, "loss": 0.04636756049262153}}