{"epoch": 0, "metric": {}, "loss": {"recon_loss": 1.5882972849151236, "kl_loss": 0.0008397029947351527, "kl_loss_0": 0.0003466095159083237, "kl_loss_1": 0.00029207694677659023, "kl_loss_2": 4.16267157336812e-06, "kl_loss_3": 1.3218592898345287e-05, "kl_loss_4": 2.428512606355879e-06, "kl_loss_5": 3.178019214559484e-05, "kl_loss_6": 1.830442429140762e-06, "kl_loss_7": 0.00014759614143842532, "loss": 1.5916560570987655}, "_runtime": 117, "_timestamp": 1617467999, "_step": 0}