{"PCA": 2.8086109161376953, "ICA": 11.750451564788818, "_runtime": 3172, "_timestamp": 1617360788, "_step": 22, "epoch": 19, "metric": {}, "loss": {"recon_loss": 1.8716837239583333, "kl_loss": 0.014552317301432291, "kl_loss_0": 0.0015510907491048177, "kl_loss_1": 0.0015402273813883464, "kl_loss_2": 0.0007218723932902019, "kl_loss_3": 0.0015619867960611979, "kl_loss_4": 0.0017788159688313801, "kl_loss_5": 0.0013718132019042968, "kl_loss_6": 0.0014097736358642577, "kl_loss_7": 0.0015236317952473958, "kl_loss_8": 0.0014791542053222656, "kl_loss_9": 0.0016139506022135417, "loss": 1.8862360677083334}}