{"PCA": 2.6524243354797363, "ICA": 10.54005742073059, "_runtime": 1502, "_timestamp": 1617363480, "_step": 21, "epoch": 19, "metric": {}, "loss": {"recon_loss": 0.021740847163730197, "kl_loss": 0.007401857111189101, "kl_loss_0": 0.00043448669215043385, "kl_loss_1": 0.000922007527616289, "kl_loss_2": 0.0007284025351206462, "kl_loss_3": 0.0005063613669739829, "kl_loss_4": 0.000561748238073455, "kl_loss_5": 0.0005129778550730811, "kl_loss_6": 0.0009723905060026381, "kl_loss_7": 0.0009718951251771715, "kl_loss_8": 0.000932280719280243, "kl_loss_9": 0.0008593064215448167, "loss": 0.029142702950371635}}