{"PCA": 2.769252061843872, "ICA": 9.773892879486084, "_runtime": 2309, "_timestamp": 1617373185, "_step": 33, "epoch": 29, "metric": {}, "loss": {"recon_loss": 0.029218594233194988, "kl_loss": 0.003654520379172431, "kl_loss_0": 2.5450237444601955e-06, "kl_loss_1": 2.600359665747318e-06, "kl_loss_2": 3.212385086549653e-06, "kl_loss_3": 2.5580232937095896e-06, "kl_loss_4": 0.0005343007130755318, "kl_loss_5": 2.935915189381275e-06, "kl_loss_6": 0.0006318618853886922, "kl_loss_7": 0.0008420490556293064, "kl_loss_8": 0.0008167232904169294, "kl_loss_9": 0.0008157337705294291, "loss": 0.04383667574988471}}