{"PCA": 2.8859550952911377, "ICA": 1.4049553871154785, "_runtime": 557, "_timestamp": 1617472622, "_step": 5, "epoch": 4, "metric": {}, "loss": {"recon_loss": 0.036905683411492245, "kl_loss": 0.003558401929007636, "kl_loss_0": 3.886817527624468e-06, "kl_loss_1": 3.6786116349200407e-06, "kl_loss_2": 4.257840919308364e-06, "kl_loss_3": 3.335506577665607e-06, "kl_loss_4": 0.0005399915907118055, "kl_loss_5": 3.570911616811322e-06, "kl_loss_6": 0.0007360802756415473, "kl_loss_7": 0.0007520356112056309, "kl_loss_8": 0.0007797563241587745, "kl_loss_9": 0.0007318087750011021, "loss": 0.05113929112752279}}