{"epoch": 2, "metric": {}, "loss": {"recon_loss": 1.885833984375, "kl_loss": 0.02165299072265625, "kl_loss_0": 0.001994347381591797, "kl_loss_1": 0.0020974081675211587, "kl_loss_2": 0.0022656697591145834, "kl_loss_3": 0.002200659688313802, "kl_loss_4": 0.002113408915201823, "kl_loss_5": 0.0020574337005615233, "kl_loss_6": 0.002300555419921875, "kl_loss_7": 0.002242088826497396, "kl_loss_8": 0.0022796295166015623, "kl_loss_9": 0.002101789093017578, "loss": 1.9074869791666667}, "_runtime": 189, "_timestamp": 1617357580, "_step": 2}