{"epoch": 0, "metric": {}, "loss": {"recon_loss": 0.051858303281995984, "kl_loss": 0.003425504763921102, "kl_loss_0": 9.151768042809433e-06, "kl_loss_1": 9.156469281555877e-06, "kl_loss_2": 1.8483757351835568e-05, "kl_loss_3": 1.2242171861645248e-05, "kl_loss_4": 0.00046919162074724835, "kl_loss_5": 9.511671184251706e-06, "kl_loss_6": 0.0007407707472642263, "kl_loss_7": 0.0007434589995278252, "kl_loss_8": 0.0007643743521637387, "kl_loss_9": 0.0006491632097297245, "loss": 0.06556031968858507}, "_runtime": 45, "_timestamp": 1617468748, "_step": 0}